{
  "$schema": "https://schema.management.azure.com/schemas/2015-01-01/deploymentTemplate.json#",
  "contentVersion": "1.0.0.0",
  "parameters": {
    "location": {
      "type": "string"
    },
    "publicIpAddressName": {
      "type": "string"
    },
    "publicIPAddressType": {
      "type": "string"
    },
    "dnsPrefix": {
      "type": "string"
    },
    "publicIpRGName": {
      "type": "string",
      "defaultValue" : ""
    },
    "publicIPNewOrExisting" : {
      "type" : "string",
      "defaultValue" : ""
    }
  },
  "resources": [
    {
      "apiVersion": "2015-06-15",
      "type": "Microsoft.Network/publicIPAddresses",
      "name": "[parameters('publicIpAddressName')]",
      "location": "[parameters('location')]",
      "properties": {
        "publicIPAllocationMethod": "[parameters('publicIPAddressType')]",
        "dnsSettings": {
          "domainNameLabel": "[parameters('dnsPrefix')]"
        }
      }
    }
  ],
  "outputs": {
    "publicIpId": {
      "value": "[resourceId(concat('Microsoft.Network','/','publicIPAddresses'),parameters('publicIPAddressName'))]",
      "type": "string"
    },
    "fqdn": {
      "value": "[reference(resourceId('Microsoft.Network/publicIPAddresses',parameters('publicIpAddressName')),providers('Microsoft.Network', 'publicIPAddresses').apiVersions[0]).dnsSettings.fqdn]",
      "type": "string"
    }
  }
}
